{"selectedVideo": "./4805.mp4", "videoSecond": 59.88418004738089, "Shots attemps": 17, "Shots Made": 6, "Shots Missed": 11, "FG": 35.294117647058826}